name;sex;live;photo;birth
James Butt;Мужской;Orleans, New Orleans, 6649 N Blue Gum St;adbk/user_profile_photos/blank_photo.jpg;1973-11-19
Josephine Darakjy;Женский;Livingston, Brighton, 4 B Blue Ridge Blvd;adbk/user_profile_photos/blank_photo.jpg;1994-06-12
Art Venere;Женский;Gloucester, Bridgeport, 8 W Cerritos Ave #54;adbk/user_profile_photos/blank_photo.jpg;1992-08-31
Lenna Paprocki;Женский;Anchorage, Anchorage, 639 Main St;adbk/user_profile_photos/blank_photo.jpg;1973-11-12
Donette Foller;Мужской;Butler, Hamilton, 34 Center St;adbk/user_profile_photos/blank_photo.jpg;1984-05-25
Simona Morasca;Мужской;Ashland, Ashland, 3 Mcauley Dr;adbk/user_profile_photos/blank_photo.jpg;1993-02-04
Mitsue Tollner;Мужской;Cook, Chicago, 7 Eads St;adbk/user_profile_photos/blank_photo.jpg;1992-04-21
Leota Dilliard;Мужской;Santa Clara, San Jose, 7 W Jackson Blvd;adbk/user_profile_photos/blank_photo.jpg;1989-08-08
Sage Wieser;Мужской;Minnehaha, Sioux Falls, 5 Boston Ave #88;adbk/user_profile_photos/blank_photo.jpg;1987-12-24
Kris Marrier;Мужской;Baltimore City, Baltimore, 228 Runamuck Pl #2808;adbk/user_profile_photos/blank_photo.jpg;1970-07-26
Minna Amigon;Мужской;Montgomery, Kulpsville, 2371 Jerrold Ave;adbk/user_profile_photos/blank_photo.jpg;1982-06-03
Abel Maclead;Мужской;Suffolk, Middle Island, 37275 St  Rt 17m M;adbk/user_profile_photos/blank_photo.jpg;1985-08-16
Kiley Caldarera;Мужской;Los Angeles, Los Angeles, 25 E 75th St #69;adbk/user_profile_photos/blank_photo.jpg;1973-10-14
Graciela Ruta;Мужской;Geauga, Chagrin Falls, 98 Connecticut Ave Nw;adbk/user_profile_photos/blank_photo.jpg;1986-10-27
Cammy Albares;Женский;Webb, Laredo, 56 E Morehead St;adbk/user_profile_photos/blank_photo.jpg;1994-12-23
Mattie Poquette;Мужской;Maricopa, Phoenix, 73 State Road 434 E;adbk/user_profile_photos/blank_photo.jpg;1985-07-13
Meaghan Garufi;Женский;Warren, Mc Minnville, 69734 E Carrillo St;adbk/user_profile_photos/blank_photo.jpg;1990-05-11
Gladys Rim;Мужской;Milwaukee, Milwaukee, 322 New Horizon Blvd;adbk/user_profile_photos/blank_photo.jpg;1986-08-17
Yuki Whobrey;Мужской;Wayne, Taylor, 1 State Route 27;adbk/user_profile_photos/blank_photo.jpg;1981-04-06
Fletcher Flosi;Женский;Winnebago, Rockford, 394 Manchester Blvd;adbk/user_profile_photos/blank_photo.jpg;1989-04-21
Bette Nicka;Мужской;Delaware, Aston, 6 S 33rd St;adbk/user_profile_photos/blank_photo.jpg;1989-10-22
Veronika Inouye;Мужской;Santa Clara, San Jose, 6 Greenleaf Ave;adbk/user_profile_photos/blank_photo.jpg;1990-09-16
Willard Kolmetz;Женский;Dallas, Irving, 618 W Yakima Ave;adbk/user_profile_photos/blank_photo.jpg;1983-04-28
Maryann Royster;Мужской;Albany, Albany, 74 S Westgate St;adbk/user_profile_photos/blank_photo.jpg;1980-06-19
Alisha Slusarski;Мужской;Middlesex, Middlesex, 3273 State St;adbk/user_profile_photos/blank_photo.jpg;1995-11-30
Allene Iturbide;Мужской;Portage, Stevens Point, 1 Central Ave;adbk/user_profile_photos/blank_photo.jpg;1992-07-26
Chanel Caudy;Женский;Johnson, Shawnee, 86 Nw 66th St #8673;adbk/user_profile_photos/blank_photo.jpg;1988-10-24
Ezekiel Chui;Мужской;Talbot, Easton, 2 Cedar Ave #84;adbk/user_profile_photos/blank_photo.jpg;1971-08-12
Willow Kusko;Мужской;New York, New York, 90991 Thorburn Ave;adbk/user_profile_photos/blank_photo.jpg;1974-01-12
Bernardo Figeroa;Женский;Montgomery, Conroe, 386 9th Ave N;adbk/user_profile_photos/blank_photo.jpg;1976-07-12
Ammie Corrio;Мужской;Franklin, Columbus, 74874 Atlantic Ave;adbk/user_profile_photos/blank_photo.jpg;1994-03-04
Francine Vocelka;Мужской;Dona Ana, Las Cruces, 366 South Dr;adbk/user_profile_photos/blank_photo.jpg;1982-12-07
Ernie Stenseth;Мужской;Bergen, Ridgefield Park, 45 E Liberty St;adbk/user_profile_photos/blank_photo.jpg;1975-08-24
Albina Glick;Мужской;Middlesex, Dunellen, 4 Ralph Ct;adbk/user_profile_photos/blank_photo.jpg;1986-07-11
Alishia Sergi;Мужской;New York, New York, 2742 Distribution Way;adbk/user_profile_photos/blank_photo.jpg;1989-06-20
Solange Shinko;Мужской;Jefferson, Metairie, 426 Wolf St;adbk/user_profile_photos/blank_photo.jpg;1975-05-04
Jose Stockham;Мужской;New York, New York, 128 Bransten Rd;adbk/user_profile_photos/blank_photo.jpg;1991-01-05
Rozella Ostrosky;Женский;Ventura, Camarillo, 17 Morena Blvd;adbk/user_profile_photos/blank_photo.jpg;1979-11-22
Valentine Gillian;Мужской;Bexar, San Antonio, 775 W 17th St;adbk/user_profile_photos/blank_photo.jpg;1975-05-16
Kati Rulapaugh;Мужской;Dickinson, Abilene, 6980 Dorsett Rd;adbk/user_profile_photos/blank_photo.jpg;1985-07-02
Youlanda Schemmer;Мужской;Crook, Prineville, 2881 Lewis Rd;adbk/user_profile_photos/blank_photo.jpg;1979-08-15
Dyan Oldroyd;Женский;Johnson, Overland Park, 7219 Woodfield Rd;adbk/user_profile_photos/blank_photo.jpg;1988-10-16
Roxane Campain;Женский;Fairbanks North Star, Fairbanks, 1048 Main St;adbk/user_profile_photos/blank_photo.jpg;1970-09-28
Lavera Perin;Мужской;Miami-Dade, Miami, 678 3rd Ave;adbk/user_profile_photos/blank_photo.jpg;1970-03-27
Erick Ferencz;Женский;Fairbanks North Star, Fairbanks, 20 S Babcock St;adbk/user_profile_photos/blank_photo.jpg;1992-08-04
Fatima Saylors;Женский;Hennepin, Hopkins, 2 Lighthouse Ave;adbk/user_profile_photos/blank_photo.jpg;1974-10-28
Jina Briddick;Мужской;Suffolk, Boston, 38938 Park Blvd;adbk/user_profile_photos/blank_photo.jpg;1972-01-23
Kanisha Waycott;Мужской;Los Angeles, Los Angeles, 5 Tomahawk Dr;adbk/user_profile_photos/blank_photo.jpg;1976-02-12
Emerson Bowley;Мужской;Dane, Madison, 762 S Main St;adbk/user_profile_photos/blank_photo.jpg;1975-10-30
Blair Malet;Мужской;Philadelphia, Philadelphia, 209 Decker Dr;adbk/user_profile_photos/blank_photo.jpg;1984-02-02
Brock Bolognia;Мужской;New York, New York, 4486 W O St #1;adbk/user_profile_photos/blank_photo.jpg;1983-04-26
Lorrie Nestle;Женский;Coffee, Tullahoma, 39 S 7th St;adbk/user_profile_photos/blank_photo.jpg;1978-07-13
Sabra Uyetake;Женский;Richland, Columbia, 98839 Hawthorne Blvd #6101;adbk/user_profile_photos/blank_photo.jpg;1975-03-29
Marjory Mastella;Мужской;Delaware, Wayne, 71 San Mateo Ave;adbk/user_profile_photos/blank_photo.jpg;1975-07-11
Karl Klonowski;Женский;Hunterdon, Flemington, 76 Brooks St #9;adbk/user_profile_photos/blank_photo.jpg;1983-11-11
Tonette Wenner;Мужской;Nassau, Westbury, 4545 Courthouse Rd;adbk/user_profile_photos/blank_photo.jpg;1977-12-28
Amber Monarrez;Мужской;Montgomery, Jenkintown, 14288 Foster Ave #4121;adbk/user_profile_photos/blank_photo.jpg;1972-10-26
Shenika Seewald;Женский;Los Angeles, Van Nuys, 4 Otis St;adbk/user_profile_photos/blank_photo.jpg;1983-06-11
Delmy Ahle;Мужской;Providence, Providence, 65895 S 16th St;adbk/user_profile_photos/blank_photo.jpg;1983-03-24
Deeanna Juhas;Мужской;Montgomery, Huntingdon Valley, 14302 Pennsylvania Ave;adbk/user_profile_photos/blank_photo.jpg;1989-06-24
Blondell Pugh;Мужской;Providence, Providence, 201 Hawk Ct;adbk/user_profile_photos/blank_photo.jpg;1981-04-08
Jamal Vanausdal;Мужской;Middlesex, Monroe Township, 53075 Sw 152nd Ter #615;adbk/user_profile_photos/blank_photo.jpg;1986-03-04
Cecily Hollack;Мужской;Travis, Austin, 59 N Groesbeck Hwy;adbk/user_profile_photos/blank_photo.jpg;1983-05-20
Carmelina Lindall;Мужской;Douglas, Littleton, 2664 Lewis Rd;adbk/user_profile_photos/blank_photo.jpg;1972-07-20
Maurine Yglesias;Мужской;Milwaukee, Milwaukee, 59 Shady Ln #53;adbk/user_profile_photos/blank_photo.jpg;1981-04-03
Tawna Buvens;Мужской;New York, New York, 3305 Nabell Ave #679;adbk/user_profile_photos/blank_photo.jpg;1992-10-11
Penney Weight;Женский;Anchorage, Anchorage, 18 Fountain St;adbk/user_profile_photos/blank_photo.jpg;1990-10-15
Elly Morocco;Женский;Erie, Erie, 7 W 32nd St;adbk/user_profile_photos/blank_photo.jpg;1989-04-30
Ilene Eroman;Мужской;Anne Arundel, Glen Burnie, 2853 S Central Expy;adbk/user_profile_photos/blank_photo.jpg;1970-12-03
Vallie Mondella;Мужской;Ada, Boise, 74 W College St;adbk/user_profile_photos/blank_photo.jpg;1980-01-30
Kallie Blackwood;Мужской;San Francisco, San Francisco, 701 S Harrison Rd;adbk/user_profile_photos/blank_photo.jpg;1975-01-27
Johnetta Abdallah;Женский;Orange, Chapel Hill, 1088 Pinehurst St;adbk/user_profile_photos/blank_photo.jpg;1983-11-16
Bobbye Rhym;Мужской;San Mateo, San Carlos, 30 W 80th St #1995;adbk/user_profile_photos/blank_photo.jpg;1983-07-19
Micaela Rhymes;Женский;Contra Costa, Concord, 20932 Hedley St;adbk/user_profile_photos/blank_photo.jpg;1977-03-31
Tamar Hoogland;Мужской;Madison, London, 2737 Pistorio Rd #9230;adbk/user_profile_photos/blank_photo.jpg;1978-06-05
Moon Parlato;Мужской;Allegany, Wellsville, 74989 Brandon St;adbk/user_profile_photos/blank_photo.jpg;1981-12-23
Laurel Reitler;Мужской;Baltimore City, Baltimore, 6 Kains Ave;adbk/user_profile_photos/blank_photo.jpg;1974-11-11
Delisa Crupi;Женский;Essex, Newark, 47565 W Grand Ave;adbk/user_profile_photos/blank_photo.jpg;1993-10-18
Viva Toelkes;Мужской;Cook, Chicago, 4284 Dorigo Ln;adbk/user_profile_photos/blank_photo.jpg;1976-11-23
Elza Lipke;Женский;Essex, Newark, 6794 Lake Dr E;adbk/user_profile_photos/blank_photo.jpg;1970-01-11
Devorah Chickering;Мужской;Curry, Clovis, 31 Douglas Blvd #950;adbk/user_profile_photos/blank_photo.jpg;1986-03-08
Timothy Mulqueen;Мужской;Richmond, Staten Island, 44 W 4th St;adbk/user_profile_photos/blank_photo.jpg;1995-03-09
Arlette Honeywell;Женский;Duval, Jacksonville, 11279 Loytan St;adbk/user_profile_photos/blank_photo.jpg;1984-01-26
Dominque Dickerson;Мужской;Alameda, Hayward, 69 Marquette Ave;adbk/user_profile_photos/blank_photo.jpg;1993-11-03
Lettie Isenhower;Мужской;Cuyahoga, Beachwood, 70 W Main St;adbk/user_profile_photos/blank_photo.jpg;1983-01-25
Myra Munns;Женский;Tarrant, Euless, 461 Prospect Pl #316;adbk/user_profile_photos/blank_photo.jpg;1995-06-03
Stephaine Barfield;Мужской;Los Angeles, Gardena, 47154 Whipple Ave Nw;adbk/user_profile_photos/blank_photo.jpg;1983-02-22
Lai Gato;Женский;Cook, Evanston, 37 Alabama Ave;adbk/user_profile_photos/blank_photo.jpg;1988-05-17
Stephen Emigh;Мужской;Summit, Akron, 3777 E Richmond St #900;adbk/user_profile_photos/blank_photo.jpg;1995-03-07
Tyra Shields;Мужской;Philadelphia, Philadelphia, 3 Fort Worth Ave;adbk/user_profile_photos/blank_photo.jpg;1995-07-17
Tammara Wardrip;Мужской;San Mateo, Burlingame, 4800 Black Horse Pike;adbk/user_profile_photos/blank_photo.jpg;1973-04-08
Cory Gibes;Мужской;Los Angeles, San Gabriel, 83649 W Belmont Ave;adbk/user_profile_photos/blank_photo.jpg;1971-09-26
Danica Bruschke;Мужской;McLennan, Waco, 840 15th Ave;adbk/user_profile_photos/blank_photo.jpg;1986-02-19
Wilda Giguere;Женский;Anchorage, Anchorage, 1747 Calle Amanecer #2;adbk/user_profile_photos/blank_photo.jpg;1979-12-09
Elvera Benimadho;Мужской;Santa Clara, San Jose, 99385 Charity St #840;adbk/user_profile_photos/blank_photo.jpg;1979-04-18
Carma Vanheusen;Мужской;Alameda, San Leandro, 68556 Central Hwy;adbk/user_profile_photos/blank_photo.jpg;1980-10-09
Malinda Hochard;Мужской;Marion, Indianapolis, 55 Riverside Ave;adbk/user_profile_photos/blank_photo.jpg;1994-12-18
Natalie Fern;Мужской;Sweetwater, Rock Springs, 7140 University Ave;adbk/user_profile_photos/blank_photo.jpg;1994-01-29
Lisha Centini;Мужской;Fairfax, Mc Lean, 64 5th Ave #1153;adbk/user_profile_photos/blank_photo.jpg;1980-12-26
